task_pred_id,task_id,pred_task_id,proj_id,pred_proj_id,pred_type,lag_hr_cnt,float_path,aref,arls
90210,141188,141172,27164,27164,PR_FS,0,,2024-02-14 16:00,2024-06-13 08:00
90211,141189,141180,27164,27164,PR_FS,0,,2024-04-24 16:00,2024-10-03 08:00
90212,141191,141172,27164,27164,PR_FS,0,,2024-02-14 16:00,2024-02-15 08:00
90213,141192,141172,27164,27164,PR_FS,0,,2024-02-14 16:00,2024-09-12 08:00
90214,141193,141172,27164,27164,PR_FS,0,,2024-02-14 16:00,2024-09-12 08:00
90215,141223,141189,27164,27164,PR_FS,0,,2024-05-15 16:00,2024-10-24 08:00
90216,141221,141188,27164,27164,PR_FS,0,,2024-03-06 16:00,2024-07-04 08:00
90217,141222,141190,27164,27164,PR_FS,0,,2024-09-11 16:00,2024-12-26 08:00
90218,141171,141170,27164,27164,PR_FS,0,,2023-11-15 16:00,2023-11-16 08:00
90219,141172,141171,27164,27164,PR_FS,0,,2024-01-31 16:00,2024-02-01 08:00
90220,141173,141172,27164,27164,PR_FS,0,,2024-02-14 16:00,2024-05-30 08:00
90221,141174,141173,27164,27164,PR_FS,0,,2024-05-22 16:00,2024-09-05 08:00
90222,141175,141174,27164,27164,PR_FS,0,,2024-06-05 16:00,2024-09-19 08:00
90223,141176,141175,27164,27164,PR_FS,0,,2024-08-07 16:00,2024-11-21 08:00
90224,141177,141176,27164,27164,PR_FS,0,,2024-08-21 16:00,2024-12-19 08:00
90225,141178,141177,27164,27164,PR_FS,0,,2024-09-18 16:00,2025-01-16 08:00
90226,141180,141179,27164,27164,PR_FS,0,,2024-04-10 16:00,2024-09-12 08:00
90227,141181,141180,27164,27164,PR_FS,0,,2024-04-24 16:00,2024-11-07 08:00
90228,141182,141181,27164,27164,PR_FS,0,,2024-07-03 16:00,2025-01-16 08:00
90229,141183,141182,27164,27164,PR_FS,0,,2024-07-17 16:00,2025-01-30 08:00
90230,141184,141183,27164,27164,PR_FS,0,,2024-08-14 16:00,2025-02-27 08:00
90231,141187,141186,27164,27164,PR_FS,0,,2023-11-22 16:00,2026-12-21 08:00
90232,141224,141214,27164,27164,PR_FS,0,,2025-02-05 16:00,2025-02-06 08:00
90233,141225,141215,27164,27164,PR_FS,0,,2025-02-05 16:00,2025-03-20 08:00
90234,141215,141220,27164,27164,PR_FS,0,,2024-06-26 16:00,2025-03-13 08:00
90235,141214,141213,27164,27164,PR_FS,0,,2024-08-07 16:00,2025-01-30 08:00
90236,141214,141191,27164,27164,PR_FS,0,,2025-01-29 16:00,2025-01-30 08:00
90237,141214,141192,27164,27164,PR_FS,0,,2024-07-03 16:00,2025-01-30 08:00
90238,141214,141193,27164,27164,PR_FS,0,,2024-07-03 16:00,2025-01-30 08:00
90239,141214,141221,27164,27164,PR_FS,0,,2024-10-02 16:00,2025-01-30 08:00
90240,141214,141222,27164,27164,PR_FS,0,,2024-10-16 16:00,2025-01-30 08:00
90241,141215,141223,27164,27164,PR_FS,0,,2024-10-02 16:00,2025-03-13 08:00
90242,141215,141191,27164,27164,PR_FS,0,,2025-01-29 16:00,2025-03-13 08:00
90243,141215,141192,27164,27164,PR_FS,0,,2024-07-03 16:00,2025-03-13 08:00
90244,141215,141193,27164,27164,PR_FS,0,,2024-07-03 16:00,2025-03-13 08:00
90245,141214,141197,27164,27164,PR_FS,0,,2024-08-28 16:00,2025-01-30 08:00
90246,141214,141196,27164,27164,PR_FS,0,,2024-08-28 16:00,2025-01-30 08:00
90247,141214,141195,27164,27164,PR_FS,0,,2024-08-28 16:00,2025-01-30 08:00
90248,141215,141197,27164,27164,PR_FS,0,,2024-08-28 16:00,2025-03-13 08:00
90249,141215,141196,27164,27164,PR_FS,0,,2024-08-28 16:00,2025-03-13 08:00
90250,141215,141195,27164,27164,PR_FS,0,,2024-08-28 16:00,2025-03-13 08:00
90251,141215,141203,27164,27164,PR_FS,0,,2024-08-14 16:00,2025-03-13 08:00
90252,141215,141205,27164,27164,PR_FS,0,,2024-10-09 16:00,2025-03-13 08:00
90253,141214,141203,27164,27164,PR_FS,0,,2024-08-14 16:00,2025-01-30 08:00
90254,141214,141205,27164,27164,PR_FS,0,,2024-10-09 16:00,2025-01-30 08:00
90255,141214,141178,27164,27164,PR_FS,0,,2024-10-02 16:00,2025-01-30 08:00
90256,141169,141168,27164,27164,PR_FS,0,,2023-07-26 16:00,2023-07-27 08:00
90257,141167,141166,27164,27164,PR_FS,0,,2023-07-17 16:00,2023-07-18 08:00
90258,141168,141167,27164,27164,PR_FS,0,,2023-07-24 16:00,2023-07-25 08:00
90259,141206,141199,27164,27164,PR_FS,0,,2023-12-08 16:00,2024-04-11 08:00
90260,141207,141206,27164,27164,PR_FS,0,,2024-01-17 16:00,2024-05-16 08:00
90261,141208,141207,27164,27164,PR_FS,0,,2024-02-21 16:00,2024-06-20 08:00
90262,141231,141169,27164,27164,PR_FS,0,,2023-08-02 16:00,2023-08-03 08:00
90263,141170,141231,27164,27164,PR_FS,0,,2023-10-11 16:00,2023-10-12 08:00
90264,141185,141170,27164,27164,PR_FS,0,,2023-11-15 16:00,2024-03-14 08:00
90265,141179,141232,27164,27164,PR_FS,0,,2024-01-17 16:00,2024-05-09 08:00
90266,141173,141232,27164,27164,PR_FS,0,,2024-01-17 16:00,2024-05-30 08:00
90267,141233,141232,27164,27164,PR_FS,0,,2024-01-17 16:00,2025-11-10 08:00
90268,141233,141177,27164,27164,PR_FS,0,,2024-09-18 16:00,2025-11-10 08:00
90269,141226,141233,27164,27164,PR_FS,0,,2024-10-02 16:00,2025-11-24 08:00
90270,141209,141174,27164,27164,PR_FS,0,,2024-06-05 16:00,2024-11-28 08:00
90271,141210,141209,27164,27164,PR_FS,0,,2024-06-12 16:00,2024-12-05 08:00
90272,141211,141210,27164,27164,PR_FS,0,,2024-07-03 16:00,2024-12-26 08:00
90273,141212,141211,27164,27164,PR_FS,0,,2024-07-17 16:00,2025-01-09 08:00
90274,141213,141212,27164,27164,PR_FS,0,,2024-07-24 16:00,2025-01-16 08:00
90275,141216,141180,27164,27164,PR_FS,0,,2024-04-24 16:00,2025-01-09 08:00
90276,141217,141216,27164,27164,PR_FS,0,,2024-05-01 16:00,2025-01-16 08:00
90277,141218,141217,27164,27164,PR_FS,0,,2024-05-22 16:00,2025-02-06 08:00
90278,141219,141218,27164,27164,PR_FS,0,,2024-06-05 16:00,2025-02-20 08:00
90279,141220,141219,27164,27164,PR_FS,0,,2024-06-12 16:00,2025-02-27 08:00
90280,141230,141224,27164,27164,PR_FS,0,,2026-10-14 16:00,2027-10-01 08:00
90281,141230,141225,27164,27164,PR_FS,0,,2026-10-14 16:00,2027-10-01 08:00
90282,141230,141226,27164,27164,PR_FS,0,,2026-10-14 16:00,2027-10-01 08:00
90283,141230,141227,27164,27164,PR_FS,0,,2026-10-14 16:00,2027-10-01 08:00
90284,141230,141228,27164,27164,PR_FS,0,,2026-10-14 16:00,2027-10-01 08:00
90285,141227,141224,27164,27164,PR_FF,0,,2026-07-16 08:00,2027-04-16 16:00
90286,141227,141225,27164,27164,PR_FF,0,,2026-07-16 08:00,2027-04-16 16:00
90287,141228,141224,27164,27164,PR_FF,0,,2026-07-16 08:00,2027-04-16 16:00
90288,141228,141225,27164,27164,PR_FF,0,,2026-07-16 08:00,2027-04-16 16:00
90289,141229,141225,27164,27164,PR_FS,0,,2026-10-14 16:00,2026-10-15 08:00
90290,141234,141224,27164,27164,PR_FS,0,,2026-10-14 16:00,2027-04-16 16:00
90291,141234,141225,27164,27164,PR_FS,0,,2026-10-14 16:00,2027-04-16 16:00
90292,141234,141226,27164,27164,PR_FS,0,,2026-10-14 16:00,2027-04-16 16:00
90293,141234,141227,27164,27164,PR_FS,0,,2026-10-14 16:00,2027-04-16 16:00
90294,141234,141228,27164,27164,PR_FS,0,,2026-10-14 16:00,2027-04-16 16:00
90295,141234,141229,27164,27164,PR_FS,0,,2027-04-16 16:00,2027-04-16 16:00
90296,141235,141214,27164,27164,PR_FS,0,,2025-02-05 16:00,2027-10-01 16:00
90297,141235,141215,27164,27164,PR_FS,0,,2025-02-05 16:00,2027-10-01 16:00
90298,141232,141185,27164,27164,PR_FS,0,,2023-12-15 16:00,2024-04-11 08:00
90299,141186,141231,27164,27164,PR_FS,0,,2023-10-11 16:00,2026-11-09 08:00
90300,141227,141187,27164,27164,PR_FS,0,,2023-12-26 16:00,2027-01-18 08:00
90301,141215,141184,27164,27164,PR_FS,0,,2025-01-29 16:00,2025-03-13 08:00
90302,141173,141208,27164,27164,PR_FF,0,,2024-01-04 08:00,2024-09-04 16:00
90303,141208,141179,27164,27164,PR_FF,0,,2024-02-29 08:00,2024-07-31 16:00
90304,141237,141234,27164,27164,PR_FS,0,,2027-04-16 16:00,2027-04-19 08:00
90305,141236,141234,27164,27164,PR_FS,0,,2027-04-16 16:00,2027-07-12 08:00
90306,141238,141236,27164,27164,PR_FS,0,,2027-07-09 16:00,2027-10-01 16:00
90307,141238,141237,27164,27164,PR_FS,0,,2027-10-01 16:00,2027-10-01 16:00
90308,141198,141231,27164,27164,PR_FS,0,,2023-10-11 16:00,2024-02-15 08:00
90309,141199,141198,27164,27164,PR_FS,0,,2023-11-15 16:00,2024-03-21 08:00
90310,141200,141208,27164,27164,PR_FS,0,,2024-04-10 16:00,2024-08-01 08:00
90311,141201,141200,27164,27164,PR_FS,0,,2024-05-15 16:00,2024-09-05 08:00
90312,141202,141201,27164,27164,PR_FS,0,,2024-06-05 16:00,2024-09-26 08:00
90313,141202,141174,27164,27164,PR_FS,0,,2024-06-05 16:00,2024-09-26 08:00
90314,141202,141180,27164,27164,PR_FS,0,,2024-04-24 16:00,2024-09-26 08:00
90315,141203,141202,27164,27164,PR_FS,0,,2024-07-24 16:00,2024-11-14 08:00
90316,141205,141204,27164,27164,PR_FS,0,,2024-09-11 16:00,2025-01-02 08:00
90317,141190,141176,27164,27164,PR_FS,0,,2024-08-21 16:00,2024-12-05 08:00
90318,141194,141173,27164,27164,PR_FS,0,,2024-05-22 16:00,2027-05-17 08:00
90319,141195,141171,27164,27164,PR_FS,0,,2024-01-31 16:00,2024-07-04 08:00
90320,141196,141171,27164,27164,PR_FS,0,,2024-01-31 16:00,2024-07-04 08:00
90321,141197,141171,27164,27164,PR_FS,0,,2024-01-31 16:00,2024-07-04 08:00
90322,141226,141225,27164,27164,PR_SS,360,,2025-05-21 16:00,2024-02-26 08:00
90323,141239,141170,27164,27164,PR_SS,0,,2023-10-12 08:00,2023-09-07 08:00
90324,141178,141239,27164,27164,PR_FF,0,,2025-01-16 08:00,2025-01-29 16:00
90325,141184,141239,27164,27164,PR_FF,0,,2025-01-16 08:00,2025-03-12 16:00
90326,141233,141239,27164,27164,PR_FF,0,,2025-01-16 08:00,2025-11-21 16:00
90327,141187,141239,27164,27164,PR_FF,0,,2025-01-02 08:00,2027-01-15 16:00
90328,141240,141235,27164,27164,PR_SS,0,,2025-02-06 08:00,2027-04-16 16:00
90329,141240,141234,27164,27164,PR_FF,0,,2025-02-06 08:00,2027-04-16 16:00
90330,141241,141234,27164,27164,PR_FS,0,,2027-04-16 16:00,2027-04-19 08:00
90331,141241,141238,27164,27164,PR_FF,0,,2027-04-19 08:00,2027-10-01 16:00
90332,141242,141166,27164,27164,PR_SS,0,,2023-07-03 08:00,2023-06-19 08:00
90333,141214,141242,27164,27164,PR_FF,0,,2025-01-30 08:00,2025-02-05 16:00
90334,141225,141224,27164,27164,PR_SS,240,,2025-03-19 16:00,2023-05-24 08:00
90335,141265,141249,27165,27165,PR_FS,0,,2024-02-27 16:00,2024-06-26 08:00
90336,141266,141257,27165,27165,PR_FS,0,,2024-05-07 16:00,2024-10-16 08:00
90337,141268,141249,27165,27165,PR_FS,0,,2024-02-27 16:00,2024-02-28 08:00
90338,141269,141249,27165,27165,PR_FS,0,,2024-02-27 16:00,2024-09-25 08:00
90339,141270,141249,27165,27165,PR_FS,0,,2024-02-27 16:00,2024-09-25 08:00
90340,141300,141266,27165,27165,PR_FS,0,,2024-05-28 16:00,2024-11-06 08:00
90341,141298,141265,27165,27165,PR_FS,0,,2024-03-19 16:00,2024-07-17 08:00
90342,141299,141267,27165,27165,PR_FS,0,,2024-09-24 16:00,2025-01-08 08:00
90343,141248,141247,27165,27165,PR_FS,0,,2023-11-30 16:00,2023-12-01 08:00
90344,141249,141248,27165,27165,PR_FS,0,,2024-02-13 16:00,2024-02-14 08:00
90345,141250,141249,27165,27165,PR_FS,0,,2024-02-27 16:00,2024-06-12 08:00
90346,141251,141250,27165,27165,PR_FS,0,,2024-06-04 16:00,2024-09-18 08:00
90347,141252,141251,27165,27165,PR_FS,0,,2024-06-18 16:00,2024-10-02 08:00
90348,141253,141252,27165,27165,PR_FS,0,,2024-08-20 16:00,2024-12-04 08:00
90349,141254,141253,27165,27165,PR_FS,0,,2024-09-03 16:00,2025-01-01 08:00
90350,141255,141254,27165,27165,PR_FS,0,,2024-10-01 16:00,2025-01-29 08:00
90351,141257,141256,27165,27165,PR_FS,0,,2024-04-23 16:00,2024-10-02 08:00
90352,141258,141257,27165,27165,PR_FS,0,,2024-05-07 16:00,2024-11-20 08:00
90353,141259,141258,27165,27165,PR_FS,0,,2024-07-16 16:00,2025-01-29 08:00
90354,141260,141259,27165,27165,PR_FS,0,,2024-07-30 16:00,2025-02-12 08:00
90355,141261,141260,27165,27165,PR_FS,0,,2024-08-27 16:00,2025-03-12 08:00
90356,141264,141263,27165,27165,PR_FS,0,,2023-12-07 16:00,2027-01-01 08:00
90357,141301,141291,27165,27165,PR_FS,0,,2025-02-18 16:00,2025-02-19 08:00
90358,141302,141292,27165,27165,PR_FS,0,,2025-02-18 16:00,2025-04-02 08:00
90359,141292,141297,27165,27165,PR_FS,0,,2024-07-09 16:00,2025-03-26 08:00
90360,141291,141290,27165,27165,PR_FS,0,,2024-08-20 16:00,2025-02-12 08:00
90361,141291,141268,27165,27165,PR_FS,0,,2025-02-11 16:00,2025-02-12 08:00
90362,141291,141269,27165,27165,PR_FS,0,,2024-07-16 16:00,2025-02-12 08:00
90363,141291,141270,27165,27165,PR_FS,0,,2024-07-16 16:00,2025-02-12 08:00
90364,141291,141298,27165,27165,PR_FS,0,,2024-10-15 16:00,2025-02-12 08:00
90365,141291,141299,27165,27165,PR_FS,0,,2024-10-29 16:00,2025-02-12 08:00
90366,141292,141300,27165,27165,PR_FS,0,,2024-10-15 16:00,2025-03-26 08:00
90367,141292,141268,27165,27165,PR_FS,0,,2025-02-11 16:00,2025-03-26 08:00
90368,141292,141269,27165,27165,PR_FS,0,,2024-07-16 16:00,2025-03-26 08:00
90369,141292,141270,27165,27165,PR_FS,0,,2024-07-16 16:00,2025-03-26 08:00
90370,141291,141274,27165,27165,PR_FS,0,,2024-09-10 16:00,2025-02-12 08:00
90371,141291,141273,27165,27165,PR_FS,0,,2024-09-10 16:00,2025-02-12 08:00
90372,141291,141272,27165,27165,PR_FS,0,,2024-09-10 16:00,2025-02-12 08:00
90373,141292,141274,27165,27165,PR_FS,0,,2024-09-10 16:00,2025-03-26 08:00
90374,141292,141273,27165,27165,PR_FS,0,,2024-09-10 16:00,2025-03-26 08:00
90375,141292,141272,27165,27165,PR_FS,0,,2024-09-10 16:00,2025-03-26 08:00
90376,141292,141280,27165,27165,PR_FS,0,,2024-08-27 16:00,2025-03-26 08:00
90377,141292,141282,27165,27165,PR_FS,0,,2024-09-17 16:00,2025-03-26 08:00
90378,141291,141280,27165,27165,PR_FS,0,,2024-08-27 16:00,2025-02-12 08:00
90379,141291,141282,27165,27165,PR_FS,0,,2024-09-17 16:00,2025-02-12 08:00
90380,141291,141255,27165,27165,PR_FS,0,,2024-10-15 16:00,2025-02-12 08:00
90381,141246,141245,27165,27165,PR_FS,0,,2023-08-08 16:00,2023-08-09 08:00
90382,141244,141243,27165,27165,PR_FS,0,,2023-07-28 16:00,2023-07-31 08:00
90383,141245,141244,27165,27165,PR_FS,0,,2023-08-04 16:00,2023-08-07 08:00
90384,141283,141276,27165,27165,PR_FS,0,,2023-12-21 16:00,2024-05-29 08:00
90385,141284,141283,27165,27165,PR_FS,0,,2024-01-30 16:00,2024-07-03 08:00
90386,141285,141284,27165,27165,PR_FS,0,,2024-03-05 16:00,2024-08-07 08:00
90387,141308,141246,27165,27165,PR_FS,0,,2023-08-15 16:00,2023-08-16 08:00
90388,141247,141308,27165,27165,PR_FS,0,,2023-10-24 16:00,2023-10-25 08:00
90389,141262,141247,27165,27165,PR_FS,0,,2023-11-30 16:00,2024-04-17 08:00
90390,141256,141309,27165,27165,PR_FS,0,,2024-01-30 16:00,2024-06-26 08:00
90391,141250,141309,27165,27165,PR_FS,0,,2024-01-30 16:00,2024-06-12 08:00
90392,141310,141309,27165,27165,PR_FS,0,,2024-01-30 16:00,2025-11-21 08:00
90393,141310,141254,27165,27165,PR_FS,0,,2024-10-01 16:00,2025-11-21 08:00
90394,141303,141310,27165,27165,PR_FS,0,,2024-10-15 16:00,2025-12-05 08:00
90395,141286,141251,27165,27165,PR_FS,0,,2024-06-18 16:00,2024-12-11 08:00
90396,141287,141286,27165,27165,PR_FS,0,,2024-06-25 16:00,2024-12-18 08:00
90397,141288,141287,27165,27165,PR_FS,0,,2024-07-16 16:00,2025-01-08 08:00
90398,141289,141288,27165,27165,PR_FS,0,,2024-07-30 16:00,2025-01-22 08:00
90399,141290,141289,27165,27165,PR_FS,0,,2024-08-06 16:00,2025-01-29 08:00
90400,141293,141257,27165,27165,PR_FS,0,,2024-05-07 16:00,2025-01-22 08:00
90401,141294,141293,27165,27165,PR_FS,0,,2024-05-14 16:00,2025-01-29 08:00
90402,141295,141294,27165,27165,PR_FS,0,,2024-06-04 16:00,2025-02-19 08:00
90403,141296,141295,27165,27165,PR_FS,0,,2024-06-18 16:00,2025-03-05 08:00
90404,141297,141296,27165,27165,PR_FS,0,,2024-06-25 16:00,2025-03-12 08:00
90405,141307,141301,27165,27165,PR_FS,0,,2026-10-27 16:00,2027-10-14 08:00
90406,141307,141302,27165,27165,PR_FS,0,,2026-10-27 16:00,2027-10-14 08:00
90407,141307,141303,27165,27165,PR_FS,0,,2026-10-27 16:00,2027-10-14 08:00
90408,141307,141304,27165,27165,PR_FS,0,,2026-10-27 16:00,2027-10-14 08:00
90409,141307,141305,27165,27165,PR_FS,0,,2026-10-27 16:00,2027-10-14 08:00
90410,141304,141301,27165,27165,PR_FF,0,,2026-07-29 08:00,2027-04-29 16:00
90411,141304,141302,27165,27165,PR_FF,0,,2026-07-29 08:00,2027-04-29 16:00
90412,141305,141301,27165,27165,PR_FF,0,,2026-07-29 08:00,2027-04-29 16:00
90413,141305,141302,27165,27165,PR_FF,0,,2026-07-29 08:00,2027-04-29 16:00
90414,141306,141302,27165,27165,PR_FS,0,,2026-10-27 16:00,2026-10-28 08:00
90415,141311,141301,27165,27165,PR_FS,0,,2026-10-27 16:00,2027-04-29 16:00
90416,141311,141302,27165,27165,PR_FS,0,,2026-10-27 16:00,2027-04-29 16:00
90417,141311,141303,27165,27165,PR_FS,0,,2026-10-27 16:00,2027-04-29 16:00
90418,141311,141304,27165,27165,PR_FS,0,,2026-10-27 16:00,2027-04-29 16:00
90419,141311,141305,27165,27165,PR_FS,0,,2026-10-27 16:00,2027-04-29 16:00
90420,141311,141306,27165,27165,PR_FS,0,,2027-04-29 16:00,2027-04-29 16:00
90421,141312,141291,27165,27165,PR_FS,0,,2025-02-18 16:00,2027-10-14 16:00
90422,141312,141292,27165,27165,PR_FS,0,,2025-02-18 16:00,2027-10-14 16:00
90423,141309,141262,27165,27165,PR_FS,0,,2024-01-02 16:00,2024-05-15 08:00
90424,141263,141308,27165,27165,PR_FS,0,,2023-10-24 16:00,2026-11-20 08:00
90425,141304,141264,27165,27165,PR_FS,0,,2024-01-09 16:00,2027-01-29 08:00
90426,141292,141261,27165,27165,PR_FS,0,,2025-02-11 16:00,2025-03-26 08:00
90427,141250,141285,27165,27165,PR_FF,0,,2024-01-17 08:00,2024-09-17 16:00
90428,141285,141256,27165,27165,PR_FF,0,,2024-03-13 08:00,2024-09-17 16:00
90429,141314,141311,27165,27165,PR_FS,0,,2027-04-29 16:00,2027-04-30 08:00
90430,141313,141311,27165,27165,PR_FS,0,,2027-04-29 16:00,2027-07-23 08:00
90431,141315,141313,27165,27165,PR_FS,0,,2027-07-22 16:00,2027-10-14 16:00
90432,141315,141314,27165,27165,PR_FS,0,,2027-10-14 16:00,2027-10-14 16:00
90433,141275,141308,27165,27165,PR_FS,0,,2023-10-24 16:00,2024-04-03 08:00
90434,141276,141275,27165,27165,PR_FS,0,,2023-11-30 16:00,2024-05-08 08:00
90435,141277,141285,27165,27165,PR_FS,0,,2024-04-23 16:00,2024-09-18 08:00
90436,141278,141277,27165,27165,PR_FS,0,,2024-05-28 16:00,2024-10-23 08:00
90437,141279,141278,27165,27165,PR_FS,0,,2024-06-18 16:00,2024-11-13 08:00
90438,141279,141251,27165,27165,PR_FS,0,,2024-06-18 16:00,2024-11-13 08:00
90439,141279,141257,27165,27165,PR_FS,0,,2024-05-07 16:00,2024-11-13 08:00
90440,141280,141279,27165,27165,PR_FS,0,,2024-08-06 16:00,2025-01-22 08:00
90441,141281,141279,27165,27165,PR_FS,0,,2024-08-06 16:00,2025-01-01 08:00
90442,141282,141281,27165,27165,PR_FS,0,,2024-08-20 16:00,2025-01-15 08:00
90443,141267,141253,27165,27165,PR_FS,0,,2024-09-03 16:00,2024-12-18 08:00
90444,141271,141250,27165,27165,PR_FS,0,,2024-06-04 16:00,2027-05-28 08:00
90445,141272,141248,27165,27165,PR_FS,0,,2024-02-13 16:00,2024-07-17 08:00
90446,141273,141248,27165,27165,PR_FS,0,,2024-02-13 16:00,2024-07-17 08:00
90447,141274,141248,27165,27165,PR_FS,0,,2024-02-13 16:00,2024-07-17 08:00
90448,141303,141302,27165,27165,PR_SS,360,,2025-06-03 16:00,2024-03-08 08:00
90449,141316,141247,27165,27165,PR_SS,0,,2023-10-25 08:00,2023-09-20 08:00
90450,141255,141316,27165,27165,PR_FF,0,,2025-01-29 08:00,2025-02-11 16:00
90451,141261,141316,27165,27165,PR_FF,0,,2025-01-29 08:00,2025-03-25 16:00
90452,141310,141316,27165,27165,PR_FF,0,,2025-01-29 08:00,2025-12-04 16:00
90453,141264,141316,27165,27165,PR_FF,0,,2025-01-15 08:00,2027-01-28 16:00
90454,141317,141312,27165,27165,PR_SS,0,,2025-02-19 08:00,2027-04-29 16:00
90455,141317,141311,27165,27165,PR_FF,0,,2025-02-19 08:00,2027-04-29 16:00
90456,141318,141311,27165,27165,PR_FS,0,,2027-04-29 16:00,2027-04-30 08:00
90457,141318,141315,27165,27165,PR_FF,0,,2027-04-30 08:00,2027-10-14 16:00
90458,141319,141243,27165,27165,PR_SS,0,,2023-07-17 08:00,2023-06-30 08:00
90459,141291,141319,27165,27165,PR_FF,0,,2025-02-12 08:00,2025-02-18 16:00
90460,141302,141301,27165,27165,PR_SS,240,,2025-04-01 16:00,2023-06-06 08:00
90461,141342,141326,27166,27166,PR_FS,0,,2024-03-12 16:00,2024-07-10 08:00
90462,141343,141334,27166,27166,PR_FS,0,,2024-05-21 16:00,2024-10-30 08:00
90463,141345,141326,27166,27166,PR_FS,0,,2024-03-12 16:00,2024-03-13 08:00
90464,141346,141326,27166,27166,PR_FS,0,,2024-03-12 16:00,2024-10-09 08:00
90465,141347,141326,27166,27166,PR_FS,0,,2024-03-12 16:00,2024-10-09 08:00
90466,141377,141343,27166,27166,PR_FS,0,,2024-06-11 16:00,2024-11-20 08:00
90467,141375,141342,27166,27166,PR_FS,0,,2024-04-02 16:00,2024-07-31 08:00
90468,141376,141344,27166,27166,PR_FS,0,,2024-10-08 16:00,2025-01-22 08:00
90469,141325,141324,27166,27166,PR_FS,0,,2023-12-14 16:00,2023-12-15 08:00
90470,141326,141325,27166,27166,PR_FS,0,,2024-02-27 16:00,2024-02-28 08:00
90471,141327,141326,27166,27166,PR_FS,0,,2024-03-12 16:00,2024-06-26 08:00
90472,141328,141327,27166,27166,PR_FS,0,,2024-06-18 16:00,2024-10-02 08:00
90473,141329,141328,27166,27166,PR_FS,0,,2024-07-02 16:00,2024-10-16 08:00
90474,141330,141329,27166,27166,PR_FS,0,,2024-09-03 16:00,2024-12-18 08:00
90475,141331,141330,27166,27166,PR_FS,0,,2024-09-17 16:00,2025-01-15 08:00
90476,141332,141331,27166,27166,PR_FS,0,,2024-10-15 16:00,2025-02-12 08:00
90477,141334,141333,27166,27166,PR_FS,0,,2024-05-07 16:00,2024-10-16 08:00
90478,141335,141334,27166,27166,PR_FS,0,,2024-05-21 16:00,2024-12-04 08:00
90479,141336,141335,27166,27166,PR_FS,0,,2024-07-30 16:00,2025-02-12 08:00
90480,141337,141336,27166,27166,PR_FS,0,,2024-08-13 16:00,2025-02-26 08:00
90481,141338,141337,27166,27166,PR_FS,0,,2024-09-10 16:00,2025-03-26 08:00
90482,141341,141340,27166,27166,PR_FS,0,,2023-12-21 16:00,2027-01-15 08:00
90483,141378,141368,27166,27166,PR_FS,0,,2025-03-04 16:00,2025-03-05 08:00
90484,141379,141369,27166,27166,PR_FS,0,,2025-03-04 16:00,2025-04-16 08:00
90485,141369,141374,27166,27166,PR_FS,0,,2024-07-23 16:00,2025-04-09 08:00
90486,141368,141367,27166,27166,PR_FS,0,,2024-09-03 16:00,2025-02-26 08:00
90487,141368,141345,27166,27166,PR_FS,0,,2025-02-25 16:00,2025-02-26 08:00
90488,141368,141346,27166,27166,PR_FS,0,,2024-07-30 16:00,2025-02-26 08:00
90489,141368,141347,27166,27166,PR_FS,0,,2024-07-30 16:00,2025-02-26 08:00
90490,141368,141375,27166,27166,PR_FS,0,,2024-10-29 16:00,2025-02-26 08:00
90491,141368,141376,27166,27166,PR_FS,0,,2024-11-12 16:00,2025-02-26 08:00
90492,141369,141377,27166,27166,PR_FS,0,,2024-10-29 16:00,2025-04-09 08:00
90493,141369,141345,27166,27166,PR_FS,0,,2025-02-25 16:00,2025-04-09 08:00
90494,141369,141346,27166,27166,PR_FS,0,,2024-07-30 16:00,2025-04-09 08:00
90495,141369,141347,27166,27166,PR_FS,0,,2024-07-30 16:00,2025-04-09 08:00
90496,141368,141351,27166,27166,PR_FS,0,,2024-09-24 16:00,2025-02-26 08:00
90497,141368,141350,27166,27166,PR_FS,0,,2024-09-24 16:00,2025-02-26 08:00
90498,141368,141349,27166,27166,PR_FS,0,,2024-09-24 16:00,2025-02-26 08:00
90499,141369,141351,27166,27166,PR_FS,0,,2024-09-24 16:00,2025-04-09 08:00
90500,141369,141350,27166,27166,PR_FS,0,,2024-09-24 16:00,2025-04-09 08:00
90501,141369,141349,27166,27166,PR_FS,0,,2024-09-24 16:00,2025-04-09 08:00
90502,141369,141357,27166,27166,PR_FS,0,,2024-09-10 16:00,2025-04-09 08:00
90503,141369,141359,27166,27166,PR_FS,0,,2024-10-01 16:00,2025-04-09 08:00
90504,141368,141357,27166,27166,PR_FS,0,,2024-09-10 16:00,2025-02-26 08:00
90505,141368,141359,27166,27166,PR_FS,0,,2024-10-01 16:00,2025-02-26 08:00
90506,141368,141332,27166,27166,PR_FS,0,,2025-02-25 16:00,2025-02-26 08:00
90507,141323,141322,27166,27166,PR_FS,0,,2023-08-22 16:00,2023-08-23 08:00
90508,141321,141320,27166,27166,PR_FS,0,,2023-08-11 16:00,2023-08-14 08:00
90509,141322,141321,27166,27166,PR_FS,0,,2023-08-18 16:00,2023-08-21 08:00
90510,141360,141353,27166,27166,PR_FS,0,,2024-01-09 16:00,2024-06-12 08:00
90511,141361,141360,27166,27166,PR_FS,0,,2024-02-13 16:00,2024-07-17 08:00
90512,141362,141361,27166,27166,PR_FS,0,,2024-03-19 16:00,2024-08-21 08:00
90513,141385,141323,27166,27166,PR_FS,0,,2023-08-29 16:00,2023-08-30 08:00
90514,141324,141385,27166,27166,PR_FS,0,,2023-11-07 16:00,2023-11-08 08:00
90515,141339,141324,27166,27166,PR_FS,0,,2023-12-14 16:00,2024-05-01 08:00
90516,141333,141386,27166,27166,PR_FS,0,,2024-02-13 16:00,2024-07-10 08:00
90517,141327,141386,27166,27166,PR_FS,0,,2024-02-13 16:00,2024-06-26 08:00
90518,141387,141386,27166,27166,PR_FS,0,,2024-02-13 16:00,2025-12-05 08:00
90519,141387,141331,27166,27166,PR_FS,0,,2024-10-15 16:00,2025-12-05 08:00
90520,141380,141387,27166,27166,PR_FS,0,,2024-10-29 16:00,2025-12-19 08:00
90521,141363,141328,27166,27166,PR_FS,0,,2024-07-02 16:00,2024-12-25 08:00
90522,141364,141363,27166,27166,PR_FS,0,,2024-07-09 16:00,2025-01-01 08:00
90523,141365,141364,27166,27166,PR_FS,0,,2024-07-30 16:00,2025-01-22 08:00
90524,141366,141365,27166,27166,PR_FS,0,,2024-08-13 16:00,2025-02-05 08:00
90525,141367,141366,27166,27166,PR_FS,0,,2024-08-20 16:00,2025-02-12 08:00
90526,141370,141334,27166,27166,PR_FS,0,,2024-05-21 16:00,2025-02-05 08:00
90527,141371,141370,27166,27166,PR_FS,0,,2024-05-28 16:00,2025-02-12 08:00
90528,141372,141371,27166,27166,PR_FS,0,,2024-06-18 16:00,2025-03-05 08:00
90529,141373,141372,27166,27166,PR_FS,0,,2024-07-02 16:00,2025-03-19 08:00
90530,141374,141373,27166,27166,PR_FS,0,,2024-07-09 16:00,2025-03-26 08:00
90531,141384,141378,27166,27166,PR_FS,0,,2026-11-10 16:00,2027-10-28 08:00
90532,141384,141379,27166,27166,PR_FS,0,,2026-11-10 16:00,2027-10-28 08:00
90533,141384,141380,27166,27166,PR_FS,0,,2026-11-10 16:00,2027-10-28 08:00
90534,141384,141381,27166,27166,PR_FS,0,,2026-11-10 16:00,2027-10-28 08:00
90535,141384,141382,27166,27166,PR_FS,0,,2026-11-10 16:00,2027-10-28 08:00
90536,141381,141378,27166,27166,PR_FF,0,,2026-08-12 08:00,2027-05-13 16:00
90537,141381,141379,27166,27166,PR_FF,0,,2026-08-12 08:00,2027-05-13 16:00
90538,141382,141378,27166,27166,PR_FF,0,,2026-08-12 08:00,2027-05-13 16:00
90539,141382,141379,27166,27166,PR_FF,0,,2026-08-12 08:00,2027-05-13 16:00
90540,141383,141379,27166,27166,PR_FS,0,,2026-11-10 16:00,2026-11-11 08:00
90541,141388,141378,27166,27166,PR_FS,0,,2026-11-10 16:00,2027-05-13 16:00
90542,141388,141379,27166,27166,PR_FS,0,,2026-11-10 16:00,2027-05-13 16:00
90543,141388,141380,27166,27166,PR_FS,0,,2026-11-10 16:00,2027-05-13 16:00
90544,141388,141381,27166,27166,PR_FS,0,,2026-11-10 16:00,2027-05-13 16:00
90545,141388,141382,27166,27166,PR_FS,0,,2026-11-10 16:00,2027-05-13 16:00
90546,141388,141383,27166,27166,PR_FS,0,,2027-05-13 16:00,2027-05-13 16:00
90547,141389,141368,27166,27166,PR_FS,0,,2025-03-04 16:00,2027-10-28 16:00
90548,141389,141369,27166,27166,PR_FS,0,,2025-03-04 16:00,2027-10-28 16:00
90549,141386,141339,27166,27166,PR_FS,0,,2024-01-16 16:00,2024-05-29 08:00
90550,141340,141385,27166,27166,PR_FS,0,,2023-11-07 16:00,2026-12-04 08:00
90551,141381,141341,27166,27166,PR_FS,0,,2024-01-23 16:00,2027-02-12 08:00
90552,141369,141338,27166,27166,PR_FS,0,,2025-02-25 16:00,2025-04-09 08:00
90553,141327,141362,27166,27166,PR_FF,0,,2024-01-31 08:00,2024-10-01 16:00
90554,141362,141333,27166,27166,PR_FF,0,,2024-03-27 08:00,2024-10-01 16:00
90555,141391,141388,27166,27166,PR_FS,0,,2027-05-13 16:00,2027-05-14 08:00
90556,141390,141388,27166,27166,PR_FS,0,,2027-05-13 16:00,2027-08-06 08:00
90557,141392,141390,27166,27166,PR_FS,0,,2027-08-05 16:00,2027-10-28 16:00
90558,141392,141391,27166,27166,PR_FS,0,,2027-10-28 16:00,2027-10-28 16:00
90559,141352,141385,27166,27166,PR_FS,0,,2023-11-07 16:00,2024-04-17 08:00
90560,141353,141352,27166,27166,PR_FS,0,,2023-12-14 16:00,2024-05-22 08:00
90561,141354,141362,27166,27166,PR_FS,0,,2024-05-07 16:00,2024-10-02 08:00
90562,141355,141354,27166,27166,PR_FS,0,,2024-06-11 16:00,2024-11-06 08:00
90563,141356,141355,27166,27166,PR_FS,0,,2024-07-02 16:00,2024-11-27 08:00
90564,141356,141328,27166,27166,PR_FS,0,,2024-07-02 16:00,2024-11-27 08:00
90565,141356,141334,27166,27166,PR_FS,0,,2024-05-21 16:00,2024-11-27 08:00
90566,141357,141356,27166,27166,PR_FS,0,,2024-08-20 16:00,2025-02-05 08:00
90567,141358,141356,27166,27166,PR_FS,0,,2024-08-20 16:00,2025-01-15 08:00
90568,141359,141358,27166,27166,PR_FS,0,,2024-09-03 16:00,2025-01-29 08:00
90569,141344,141330,27166,27166,PR_FS,0,,2024-09-17 16:00,2025-01-01 08:00
90570,141348,141327,27166,27166,PR_FS,0,,2024-06-18 16:00,2027-06-11 08:00
90571,141349,141325,27166,27166,PR_FS,0,,2024-02-27 16:00,2024-07-31 08:00
90572,141350,141325,27166,27166,PR_FS,0,,2024-02-27 16:00,2024-07-31 08:00
90573,141351,141325,27166,27166,PR_FS,0,,2024-02-27 16:00,2024-07-31 08:00
90574,141380,141379,27166,27166,PR_SS,360,,2025-06-17 16:00,2024-03-22 08:00
90575,141393,141324,27166,27166,PR_SS,0,,2023-11-08 08:00,2023-10-04 08:00
90576,141332,141393,27166,27166,PR_FF,0,,2025-02-12 08:00,2025-02-25 16:00
90577,141338,141393,27166,27166,PR_FF,0,,2025-02-12 08:00,2025-04-08 16:00
90578,141387,141393,27166,27166,PR_FF,0,,2025-02-12 08:00,2025-12-18 16:00
90579,141341,141393,27166,27166,PR_FF,0,,2025-01-29 08:00,2027-02-11 16:00
90580,141394,141389,27166,27166,PR_SS,0,,2025-03-05 08:00,2027-05-13 16:00
90581,141394,141388,27166,27166,PR_FF,0,,2025-03-05 08:00,2027-05-13 16:00
90582,141395,141388,27166,27166,PR_FS,0,,2027-05-13 16:00,2027-05-14 08:00
90583,141395,141392,27166,27166,PR_FF,0,,2027-05-14 08:00,2027-10-28 16:00
90584,141396,141320,27166,27166,PR_SS,0,,2023-07-31 08:00,2023-07-17 08:00
90585,141368,141396,27166,27166,PR_FF,0,,2025-02-26 08:00,2025-03-04 16:00
90586,141379,141378,27166,27166,PR_SS,240,,2025-04-15 16:00,2023-06-20 08:00
90587,141419,141403,27167,27167,PR_FS,0,,2024-03-19 16:00,2024-07-17 08:00
90588,141420,141411,27167,27167,PR_FS,0,,2024-05-28 16:00,2024-11-06 08:00
90589,141422,141403,27167,27167,PR_FS,0,,2024-03-19 16:00,2024-03-20 08:00
90590,141423,141403,27167,27167,PR_FS,0,,2024-03-19 16:00,2024-10-16 08:00
90591,141424,141403,27167,27167,PR_FS,0,,2024-03-19 16:00,2024-10-16 08:00
90592,141454,141420,27167,27167,PR_FS,0,,2024-06-18 16:00,2024-11-27 08:00
90593,141452,141419,27167,27167,PR_FS,0,,2024-04-09 16:00,2024-08-07 08:00
90594,141453,141421,27167,27167,PR_FS,0,,2024-10-15 16:00,2025-01-29 08:00
90595,141402,141401,27167,27167,PR_FS,0,,2023-12-21 16:00,2023-12-26 08:00
90596,141403,141402,27167,27167,PR_FS,0,,2024-03-05 16:00,2024-03-06 08:00
90597,141404,141403,27167,27167,PR_FS,0,,2024-03-19 16:00,2024-07-03 08:00
90598,141405,141404,27167,27167,PR_FS,0,,2024-06-25 16:00,2024-10-09 08:00
90599,141406,141405,27167,27167,PR_FS,0,,2024-07-09 16:00,2024-10-23 08:00
90600,141407,141406,27167,27167,PR_FS,0,,2024-09-10 16:00,2024-12-25 08:00
90601,141408,141407,27167,27167,PR_FS,0,,2024-09-24 16:00,2025-01-22 08:00
90602,141409,141408,27167,27167,PR_FS,0,,2024-10-22 16:00,2025-02-19 08:00
90603,141411,141410,27167,27167,PR_FS,0,,2024-05-14 16:00,2024-10-23 08:00
90604,141412,141411,27167,27167,PR_FS,0,,2024-05-28 16:00,2024-12-11 08:00
90605,141413,141412,27167,27167,PR_FS,0,,2024-08-06 16:00,2025-02-19 08:00
90606,141414,141413,27167,27167,PR_FS,0,,2024-08-20 16:00,2025-03-05 08:00
90607,141415,141414,27167,27167,PR_FS,0,,2024-09-17 16:00,2025-04-02 08:00
90608,141418,141417,27167,27167,PR_FS,0,,2024-01-02 16:00,2027-01-22 08:00
90609,141455,141445,27167,27167,PR_FS,0,,2025-03-11 16:00,2025-03-12 08:00
90610,141456,141446,27167,27167,PR_FS,0,,2025-03-11 16:00,2025-04-23 08:00
90611,141446,141451,27167,27167,PR_FS,0,,2024-07-30 16:00,2025-04-16 08:00
90612,141445,141444,27167,27167,PR_FS,0,,2024-09-10 16:00,2025-03-05 08:00
90613,141445,141422,27167,27167,PR_FS,0,,2025-03-04 16:00,2025-03-05 08:00
90614,141445,141423,27167,27167,PR_FS,0,,2024-08-06 16:00,2025-03-05 08:00
90615,141445,141424,27167,27167,PR_FS,0,,2024-08-06 16:00,2025-03-05 08:00
90616,141445,141452,27167,27167,PR_FS,0,,2024-11-05 16:00,2025-03-05 08:00
90617,141445,141453,27167,27167,PR_FS,0,,2024-11-19 16:00,2025-03-05 08:00
90618,141446,141454,27167,27167,PR_FS,0,,2024-11-05 16:00,2025-04-16 08:00
90619,141446,141422,27167,27167,PR_FS,0,,2025-03-04 16:00,2025-04-16 08:00
90620,141446,141423,27167,27167,PR_FS,0,,2024-08-06 16:00,2025-04-16 08:00
90621,141446,141424,27167,27167,PR_FS,0,,2024-08-06 16:00,2025-04-16 08:00
90622,141445,141428,27167,27167,PR_FS,0,,2024-10-01 16:00,2025-03-05 08:00
90623,141445,141427,27167,27167,PR_FS,0,,2024-10-01 16:00,2025-03-05 08:00
90624,141445,141426,27167,27167,PR_FS,0,,2024-10-01 16:00,2025-03-05 08:00
90625,141446,141428,27167,27167,PR_FS,0,,2024-10-01 16:00,2025-04-16 08:00
90626,141446,141427,27167,27167,PR_FS,0,,2024-10-01 16:00,2025-04-16 08:00
90627,141446,141426,27167,27167,PR_FS,0,,2024-10-01 16:00,2025-04-16 08:00
90628,141446,141434,27167,27167,PR_FS,0,,2024-09-17 16:00,2025-04-16 08:00
90629,141446,141436,27167,27167,PR_FS,0,,2024-10-08 16:00,2025-04-16 08:00
90630,141445,141434,27167,27167,PR_FS,0,,2024-09-17 16:00,2025-03-05 08:00
90631,141445,141436,27167,27167,PR_FS,0,,2024-10-08 16:00,2025-03-05 08:00
90632,141445,141409,27167,27167,PR_FS,0,,2025-03-04 16:00,2025-03-05 08:00
90633,141400,141399,27167,27167,PR_FS,0,,2023-08-29 16:00,2023-08-30 08:00
90634,141398,141397,27167,27167,PR_FS,0,,2023-08-18 16:00,2023-08-21 08:00
90635,141399,141398,27167,27167,PR_FS,0,,2023-08-25 16:00,2023-08-28 08:00
90636,141437,141430,27167,27167,PR_FS,0,,2024-01-16 16:00,2024-06-19 08:00
90637,141438,141437,27167,27167,PR_FS,0,,2024-02-20 16:00,2024-07-24 08:00
90638,141439,141438,27167,27167,PR_FS,0,,2024-03-26 16:00,2024-08-28 08:00
90639,141462,141400,27167,27167,PR_FS,0,,2023-09-05 16:00,2023-09-06 08:00
90640,141401,141462,27167,27167,PR_FS,0,,2023-11-14 16:00,2023-11-15 08:00
90641,141416,141401,27167,27167,PR_FS,0,,2023-12-21 16:00,2024-05-08 08:00
90642,141410,141463,27167,27167,PR_FS,0,,2024-02-20 16:00,2024-07-17 08:00
90643,141404,141463,27167,27167,PR_FS,0,,2024-02-20 16:00,2024-07-03 08:00
90644,141464,141463,27167,27167,PR_FS,0,,2024-02-20 16:00,2025-12-12 08:00
90645,141464,141408,27167,27167,PR_FS,0,,2024-10-22 16:00,2025-12-12 08:00
90646,141457,141464,27167,27167,PR_FS,0,,2024-11-05 16:00,2025-12-26 08:00
90647,141440,141405,27167,27167,PR_FS,0,,2024-07-09 16:00,2025-01-01 08:00
90648,141441,141440,27167,27167,PR_FS,0,,2024-07-16 16:00,2025-01-08 08:00
90649,141442,141441,27167,27167,PR_FS,0,,2024-08-06 16:00,2025-01-29 08:00
90650,141443,141442,27167,27167,PR_FS,0,,2024-08-20 16:00,2025-02-12 08:00
90651,141444,141443,27167,27167,PR_FS,0,,2024-08-27 16:00,2025-02-19 08:00
90652,141447,141411,27167,27167,PR_FS,0,,2024-05-28 16:00,2025-02-12 08:00
90653,141448,141447,27167,27167,PR_FS,0,,2024-06-04 16:00,2025-02-19 08:00
90654,141449,141448,27167,27167,PR_FS,0,,2024-06-25 16:00,2025-03-12 08:00
90655,141450,141449,27167,27167,PR_FS,0,,2024-07-09 16:00,2025-03-26 08:00
90656,141451,141450,27167,27167,PR_FS,0,,2024-07-16 16:00,2025-04-02 08:00
90657,141461,141455,27167,27167,PR_FS,0,,2026-11-17 16:00,2027-11-04 08:00
90658,141461,141456,27167,27167,PR_FS,0,,2026-11-17 16:00,2027-11-04 08:00
90659,141461,141457,27167,27167,PR_FS,0,,2026-11-17 16:00,2027-11-04 08:00
90660,141461,141458,27167,27167,PR_FS,0,,2026-11-17 16:00,2027-11-04 08:00
90661,141461,141459,27167,27167,PR_FS,0,,2026-11-17 16:00,2027-11-04 08:00
90662,141458,141455,27167,27167,PR_FF,0,,2026-08-19 08:00,2027-05-20 16:00
90663,141458,141456,27167,27167,PR_FF,0,,2026-08-19 08:00,2027-05-20 16:00
90664,141459,141455,27167,27167,PR_FF,0,,2026-08-19 08:00,2027-05-20 16:00
90665,141459,141456,27167,27167,PR_FF,0,,2026-08-19 08:00,2027-05-20 16:00
90666,141460,141456,27167,27167,PR_FS,0,,2026-11-17 16:00,2026-11-18 08:00
90667,141465,141455,27167,27167,PR_FS,0,,2026-11-17 16:00,2027-05-20 16:00
90668,141465,141456,27167,27167,PR_FS,0,,2026-11-17 16:00,2027-05-20 16:00
90669,141465,141457,27167,27167,PR_FS,0,,2026-11-17 16:00,2027-05-20 16:00
90670,141465,141458,27167,27167,PR_FS,0,,2026-11-17 16:00,2027-05-20 16:00
90671,141465,141459,27167,27167,PR_FS,0,,2026-11-17 16:00,2027-05-20 16:00
90672,141465,141460,27167,27167,PR_FS,0,,2027-05-20 16:00,2027-05-20 16:00
90673,141466,141445,27167,27167,PR_FS,0,,2025-03-11 16:00,2027-11-04 16:00
90674,141466,141446,27167,27167,PR_FS,0,,2025-03-11 16:00,2027-11-04 16:00
90675,141463,141416,27167,27167,PR_FS,0,,2024-01-23 16:00,2024-06-05 08:00
90676,141417,141462,27167,27167,PR_FS,0,,2023-11-14 16:00,2026-12-11 08:00
90677,141458,141418,27167,27167,PR_FS,0,,2024-01-30 16:00,2027-02-19 08:00
90678,141446,141415,27167,27167,PR_FS,0,,2025-03-04 16:00,2025-04-16 08:00
90679,141404,141439,27167,27167,PR_FF,0,,2024-02-07 08:00,2024-10-08 16:00
90680,141439,141410,27167,27167,PR_FF,0,,2024-04-03 08:00,2024-10-08 16:00
90681,141468,141465,27167,27167,PR_FS,0,,2027-05-20 16:00,2027-05-21 08:00
90682,141467,141465,27167,27167,PR_FS,0,,2027-05-20 16:00,2027-08-13 08:00
90683,141469,141467,27167,27167,PR_FS,0,,2027-08-12 16:00,2027-11-04 16:00
90684,141469,141468,27167,27167,PR_FS,0,,2027-11-04 16:00,2027-11-04 16:00
90685,141429,141462,27167,27167,PR_FS,0,,2023-11-14 16:00,2024-04-24 08:00
90686,141430,141429,27167,27167,PR_FS,0,,2023-12-21 16:00,2024-05-29 08:00
90687,141431,141439,27167,27167,PR_FS,0,,2024-05-14 16:00,2024-10-09 08:00
90688,141432,141431,27167,27167,PR_FS,0,,2024-06-18 16:00,2024-11-13 08:00
90689,141433,141432,27167,27167,PR_FS,0,,2024-07-09 16:00,2024-12-04 08:00
90690,141433,141405,27167,27167,PR_FS,0,,2024-07-09 16:00,2024-12-04 08:00
90691,141433,141411,27167,27167,PR_FS,0,,2024-05-28 16:00,2024-12-04 08:00
90692,141434,141433,27167,27167,PR_FS,0,,2024-08-27 16:00,2025-02-12 08:00
90693,141435,141433,27167,27167,PR_FS,0,,2024-08-27 16:00,2025-01-22 08:00
90694,141436,141435,27167,27167,PR_FS,0,,2024-09-10 16:00,2025-02-05 08:00
90695,141421,141407,27167,27167,PR_FS,0,,2024-09-24 16:00,2025-01-08 08:00
90696,141425,141404,27167,27167,PR_FS,0,,2024-06-25 16:00,2027-06-18 08:00
90697,141426,141402,27167,27167,PR_FS,0,,2024-03-05 16:00,2024-08-07 08:00
90698,141427,141402,27167,27167,PR_FS,0,,2024-03-05 16:00,2024-08-07 08:00
90699,141428,141402,27167,27167,PR_FS,0,,2024-03-05 16:00,2024-08-07 08:00
90700,141457,141456,27167,27167,PR_SS,360,,2025-06-24 16:00,2024-03-29 08:00
90701,141470,141401,27167,27167,PR_SS,0,,2023-11-15 08:00,2023-10-11 08:00
90702,141409,141470,27167,27167,PR_FF,0,,2025-02-19 08:00,2025-03-04 16:00
90703,141415,141470,27167,27167,PR_FF,0,,2025-02-19 08:00,2025-04-15 16:00
90704,141464,141470,27167,27167,PR_FF,0,,2025-02-19 08:00,2025-12-25 16:00
90705,141418,141470,27167,27167,PR_FF,0,,2025-02-05 08:00,2027-02-18 16:00
90706,141471,141466,27167,27167,PR_SS,0,,2025-03-12 08:00,2027-05-20 16:00
90707,141471,141465,27167,27167,PR_FF,0,,2025-03-12 08:00,2027-05-20 16:00
90708,141472,141465,27167,27167,PR_FS,0,,2027-05-20 16:00,2027-05-21 08:00
90709,141472,141469,27167,27167,PR_FF,0,,2027-05-21 08:00,2027-11-04 16:00
90710,141473,141397,27167,27167,PR_SS,0,,2023-08-07 08:00,2023-07-24 08:00
90711,141445,141473,27167,27167,PR_FF,0,,2025-03-05 08:00,2025-03-11 16:00
90712,141456,141455,27167,27167,PR_SS,240,,2025-04-22 16:00,2023-06-27 08:00
90713,141496,141480,27168,27168,PR_FS,0,,2024-03-26 16:00,2024-07-24 08:00
90714,141497,141488,27168,27168,PR_FS,0,,2024-06-04 16:00,2024-11-13 08:00
90715,141499,141480,27168,27168,PR_FS,0,,2024-03-26 16:00,2024-03-27 08:00
90716,141500,141480,27168,27168,PR_FS,0,,2024-03-26 16:00,2024-10-23 08:00
90717,141501,141480,27168,27168,PR_FS,0,,2024-03-26 16:00,2024-10-23 08:00
90718,141531,141497,27168,27168,PR_FS,0,,2024-06-25 16:00,2024-12-04 08:00
90719,141529,141496,27168,27168,PR_FS,0,,2024-04-16 16:00,2024-08-14 08:00
90720,141530,141498,27168,27168,PR_FS,0,,2024-10-22 16:00,2025-02-05 08:00
90721,141479,141478,27168,27168,PR_FS,0,,2024-01-02 16:00,2024-01-03 08:00
90722,141480,141479,27168,27168,PR_FS,0,,2024-03-12 16:00,2024-03-13 08:00
90723,141481,141480,27168,27168,PR_FS,0,,2024-03-26 16:00,2024-07-10 08:00
90724,141482,141481,27168,27168,PR_FS,0,,2024-07-02 16:00,2024-10-16 08:00
90725,141483,141482,27168,27168,PR_FS,0,,2024-07-16 16:00,2024-10-30 08:00
90726,141484,141483,27168,27168,PR_FS,0,,2024-09-17 16:00,2025-01-01 08:00
90727,141485,141484,27168,27168,PR_FS,0,,2024-10-01 16:00,2025-01-29 08:00
90728,141486,141485,27168,27168,PR_FS,0,,2024-10-29 16:00,2025-02-26 08:00
90729,141488,141487,27168,27168,PR_FS,0,,2024-05-21 16:00,2024-10-30 08:00
90730,141489,141488,27168,27168,PR_FS,0,,2024-06-04 16:00,2024-12-18 08:00
90731,141490,141489,27168,27168,PR_FS,0,,2024-08-13 16:00,2025-02-26 08:00
90732,141491,141490,27168,27168,PR_FS,0,,2024-08-27 16:00,2025-03-12 08:00
90733,141492,141491,27168,27168,PR_FS,0,,2024-09-24 16:00,2025-04-09 08:00
90734,141495,141494,27168,27168,PR_FS,0,,2024-01-09 16:00,2027-01-29 08:00
90735,141532,141522,27168,27168,PR_FS,0,,2025-03-18 16:00,2025-03-19 08:00
90736,141533,141523,27168,27168,PR_FS,0,,2025-03-18 16:00,2025-04-30 08:00
90737,141523,141528,27168,27168,PR_FS,0,,2024-08-06 16:00,2025-04-23 08:00
90738,141522,141521,27168,27168,PR_FS,0,,2024-09-17 16:00,2025-03-12 08:00
90739,141522,141499,27168,27168,PR_FS,0,,2025-03-11 16:00,2025-03-12 08:00
90740,141522,141500,27168,27168,PR_FS,0,,2024-08-13 16:00,2025-03-12 08:00
90741,141522,141501,27168,27168,PR_FS,0,,2024-08-13 16:00,2025-03-12 08:00
90742,141522,141529,27168,27168,PR_FS,0,,2024-11-12 16:00,2025-03-12 08:00
90743,141522,141530,27168,27168,PR_FS,0,,2024-11-26 16:00,2025-03-12 08:00
90744,141523,141531,27168,27168,PR_FS,0,,2024-11-12 16:00,2025-04-23 08:00
90745,141523,141499,27168,27168,PR_FS,0,,2025-03-11 16:00,2025-04-23 08:00
90746,141523,141500,27168,27168,PR_FS,0,,2024-08-13 16:00,2025-04-23 08:00
90747,141523,141501,27168,27168,PR_FS,0,,2024-08-13 16:00,2025-04-23 08:00
90748,141522,141505,27168,27168,PR_FS,0,,2024-10-08 16:00,2025-03-12 08:00
90749,141522,141504,27168,27168,PR_FS,0,,2024-10-08 16:00,2025-03-12 08:00
90750,141522,141503,27168,27168,PR_FS,0,,2024-10-08 16:00,2025-03-12 08:00
90751,141523,141505,27168,27168,PR_FS,0,,2024-10-08 16:00,2025-04-23 08:00
90752,141523,141504,27168,27168,PR_FS,0,,2024-10-08 16:00,2025-04-23 08:00
90753,141523,141503,27168,27168,PR_FS,0,,2024-10-08 16:00,2025-04-23 08:00
90754,141523,141511,27168,27168,PR_FS,0,,2024-09-24 16:00,2025-04-23 08:00
90755,141523,141513,27168,27168,PR_FS,0,,2024-10-15 16:00,2025-04-23 08:00
90756,141522,141511,27168,27168,PR_FS,0,,2024-09-24 16:00,2025-03-12 08:00
90757,141522,141513,27168,27168,PR_FS,0,,2024-10-15 16:00,2025-03-12 08:00
90758,141522,141486,27168,27168,PR_FS,0,,2025-03-11 16:00,2025-03-12 08:00
90759,141477,141476,27168,27168,PR_FS,0,,2023-09-05 16:00,2023-09-06 08:00
90760,141475,141474,27168,27168,PR_FS,0,,2023-08-25 16:00,2023-08-28 08:00
90761,141476,141475,27168,27168,PR_FS,0,,2023-09-01 16:00,2023-09-04 08:00
90762,141514,141507,27168,27168,PR_FS,0,,2024-01-23 16:00,2024-06-26 08:00
90763,141515,141514,27168,27168,PR_FS,0,,2024-02-27 16:00,2024-07-31 08:00
90764,141516,141515,27168,27168,PR_FS,0,,2024-04-02 16:00,2024-09-04 08:00
90765,141539,141477,27168,27168,PR_FS,0,,2023-09-12 16:00,2023-09-13 08:00
90766,141478,141539,27168,27168,PR_FS,0,,2023-11-21 16:00,2023-11-22 08:00
90767,141493,141478,27168,27168,PR_FS,0,,2024-01-02 16:00,2024-05-15 08:00
90768,141487,141540,27168,27168,PR_FS,0,,2024-02-27 16:00,2024-07-24 08:00
90769,141481,141540,27168,27168,PR_FS,0,,2024-02-27 16:00,2024-07-10 08:00
90770,141541,141540,27168,27168,PR_FS,0,,2024-02-27 16:00,2025-12-19 08:00
90771,141541,141485,27168,27168,PR_FS,0,,2024-10-29 16:00,2025-12-19 08:00
90772,141534,141541,27168,27168,PR_FS,0,,2024-11-12 16:00,2026-01-02 08:00
90773,141517,141482,27168,27168,PR_FS,0,,2024-07-16 16:00,2025-01-08 08:00
90774,141518,141517,27168,27168,PR_FS,0,,2024-07-23 16:00,2025-01-15 08:00
90775,141519,141518,27168,27168,PR_FS,0,,2024-08-13 16:00,2025-02-05 08:00
90776,141520,141519,27168,27168,PR_FS,0,,2024-08-27 16:00,2025-02-19 08:00
90777,141521,141520,27168,27168,PR_FS,0,,2024-09-03 16:00,2025-02-26 08:00
90778,141524,141488,27168,27168,PR_FS,0,,2024-06-04 16:00,2025-02-19 08:00
90779,141525,141524,27168,27168,PR_FS,0,,2024-06-11 16:00,2025-02-26 08:00
90780,141526,141525,27168,27168,PR_FS,0,,2024-07-02 16:00,2025-03-19 08:00
90781,141527,141526,27168,27168,PR_FS,0,,2024-07-16 16:00,2025-04-02 08:00
90782,141528,141527,27168,27168,PR_FS,0,,2024-07-23 16:00,2025-04-09 08:00
90783,141538,141532,27168,27168,PR_FS,0,,2026-11-24 16:00,2027-11-11 08:00
90784,141538,141533,27168,27168,PR_FS,0,,2026-11-24 16:00,2027-11-11 08:00
90785,141538,141534,27168,27168,PR_FS,0,,2026-11-24 16:00,2027-11-11 08:00
90786,141538,141535,27168,27168,PR_FS,0,,2026-11-24 16:00,2027-11-11 08:00
90787,141538,141536,27168,27168,PR_FS,0,,2026-11-24 16:00,2027-11-11 08:00
90788,141535,141532,27168,27168,PR_FF,0,,2026-08-26 08:00,2027-05-27 16:00
90789,141535,141533,27168,27168,PR_FF,0,,2026-08-26 08:00,2027-05-27 16:00
90790,141536,141532,27168,27168,PR_FF,0,,2026-08-26 08:00,2027-05-27 16:00
90791,141536,141533,27168,27168,PR_FF,0,,2026-08-26 08:00,2027-05-27 16:00
90792,141537,141533,27168,27168,PR_FS,0,,2026-11-24 16:00,2026-11-25 08:00
90793,141542,141532,27168,27168,PR_FS,0,,2026-11-24 16:00,2027-05-27 16:00
90794,141542,141533,27168,27168,PR_FS,0,,2026-11-24 16:00,2027-05-27 16:00
90795,141542,141534,27168,27168,PR_FS,0,,2026-11-24 16:00,2027-05-27 16:00
90796,141542,141535,27168,27168,PR_FS,0,,2026-11-24 16:00,2027-05-27 16:00
90797,141542,141536,27168,27168,PR_FS,0,,2026-11-24 16:00,2027-05-27 16:00
90798,141542,141537,27168,27168,PR_FS,0,,2027-05-27 16:00,2027-05-27 16:00
90799,141543,141522,27168,27168,PR_FS,0,,2025-03-18 16:00,2027-11-11 16:00
90800,141543,141523,27168,27168,PR_FS,0,,2025-03-18 16:00,2027-11-11 16:00
90801,141540,141493,27168,27168,PR_FS,0,,2024-01-30 16:00,2024-06-12 08:00
90802,141494,141539,27168,27168,PR_FS,0,,2023-11-21 16:00,2026-12-18 08:00
90803,141535,141495,27168,27168,PR_FS,0,,2024-02-06 16:00,2027-02-26 08:00
90804,141523,141492,27168,27168,PR_FS,0,,2025-03-11 16:00,2025-04-23 08:00
90805,141481,141516,27168,27168,PR_FF,0,,2024-02-14 08:00,2024-10-15 16:00
90806,141516,141487,27168,27168,PR_FF,0,,2024-04-10 08:00,2024-10-15 16:00
90807,141545,141542,27168,27168,PR_FS,0,,2027-05-27 16:00,2027-05-28 08:00
90808,141544,141542,27168,27168,PR_FS,0,,2027-05-27 16:00,2027-08-20 08:00
90809,141546,141544,27168,27168,PR_FS,0,,2027-08-19 16:00,2027-11-11 16:00
90810,141546,141545,27168,27168,PR_FS,0,,2027-11-11 16:00,2027-11-11 16:00
90811,141506,141539,27168,27168,PR_FS,0,,2023-11-21 16:00,2024-05-01 08:00
90812,141507,141506,27168,27168,PR_FS,0,,2024-01-02 16:00,2024-06-05 08:00
90813,141508,141516,27168,27168,PR_FS,0,,2024-05-21 16:00,2024-10-16 08:00
90814,141509,141508,27168,27168,PR_FS,0,,2024-06-25 16:00,2024-11-20 08:00
90815,141510,141509,27168,27168,PR_FS,0,,2024-07-16 16:00,2024-12-11 08:00
90816,141510,141482,27168,27168,PR_FS,0,,2024-07-16 16:00,2024-12-11 08:00
90817,141510,141488,27168,27168,PR_FS,0,,2024-06-04 16:00,2024-12-11 08:00
90818,141511,141510,27168,27168,PR_FS,0,,2024-09-03 16:00,2025-02-19 08:00
90819,141512,141510,27168,27168,PR_FS,0,,2024-09-03 16:00,2025-01-29 08:00
90820,141513,141512,27168,27168,PR_FS,0,,2024-09-17 16:00,2025-02-12 08:00
90821,141498,141484,27168,27168,PR_FS,0,,2024-10-01 16:00,2025-01-15 08:00
90822,141502,141481,27168,27168,PR_FS,0,,2024-07-02 16:00,2027-06-25 08:00
90823,141503,141479,27168,27168,PR_FS,0,,2024-03-12 16:00,2024-08-14 08:00
90824,141504,141479,27168,27168,PR_FS,0,,2024-03-12 16:00,2024-08-14 08:00
90825,141505,141479,27168,27168,PR_FS,0,,2024-03-12 16:00,2024-08-14 08:00
90826,141534,141533,27168,27168,PR_SS,360,,2025-07-01 16:00,2024-04-05 08:00
90827,141547,141478,27168,27168,PR_SS,0,,2023-11-22 08:00,2023-10-18 08:00
90828,141486,141547,27168,27168,PR_FF,0,,2025-02-26 08:00,2025-03-11 16:00
90829,141492,141547,27168,27168,PR_FF,0,,2025-02-26 08:00,2025-04-22 16:00
90830,141541,141547,27168,27168,PR_FF,0,,2025-02-26 08:00,2026-01-01 16:00
90831,141495,141547,27168,27168,PR_FF,0,,2025-02-12 08:00,2027-02-25 16:00
90832,141548,141543,27168,27168,PR_SS,0,,2025-03-19 08:00,2027-05-27 16:00
90833,141548,141542,27168,27168,PR_FF,0,,2025-03-19 08:00,2027-05-27 16:00
90834,141549,141542,27168,27168,PR_FS,0,,2027-05-27 16:00,2027-05-28 08:00
90835,141549,141546,27168,27168,PR_FF,0,,2027-05-28 08:00,2027-11-11 16:00
90836,141550,141474,27168,27168,PR_SS,0,,2023-08-14 08:00,2023-07-31 08:00
90837,141522,141550,27168,27168,PR_FF,0,,2025-03-12 08:00,2025-03-18 16:00
90838,141533,141532,27168,27168,PR_SS,240,,2025-04-29 16:00,2023-07-05 08:00
96383,141204,141203,27164,27164,PR_FS,0,,2024-08-14 16:00,2024-12-05 08:00
96384,141184,141191,27164,27164,PR_FF,0,,2025-01-16 08:00,2025-03-12 16:00
96385,141184,141195,27164,27164,PR_FF,0,,2024-08-15 08:00,2025-03-12 16:00
96386,141261,141268,27165,27165,PR_FF,0,,2025-01-29 08:00,2025-03-25 16:00
96387,141261,141272,27165,27165,PR_FF,0,,2024-08-28 08:00,2025-03-25 16:00
96388,141332,141345,27166,27166,PR_FF,0,,2025-02-12 08:00,2025-02-25 16:00
96389,141332,141346,27166,27166,PR_FF,0,,2024-07-17 08:00,2025-02-25 16:00
96390,141332,141347,27166,27166,PR_FF,0,,2024-07-17 08:00,2025-02-25 16:00
96391,141338,141345,27166,27166,PR_FF,0,,2025-02-12 08:00,2025-04-08 16:00
96392,141338,141346,27166,27166,PR_FF,0,,2024-07-17 08:00,2025-04-08 16:00
96393,141338,141347,27166,27166,PR_FF,0,,2024-07-17 08:00,2025-04-08 16:00
96394,141409,141422,27167,27167,PR_FF,0,,2025-02-19 08:00,2025-03-04 16:00
96395,141409,141423,27167,27167,PR_FF,0,,2024-07-24 08:00,2025-03-04 16:00
96396,141409,141424,27167,27167,PR_FF,0,,2024-07-24 08:00,2025-03-04 16:00
96397,141415,141422,27167,27167,PR_FF,0,,2025-02-19 08:00,2025-04-15 16:00
96398,141415,141423,27167,27167,PR_FF,0,,2024-07-24 08:00,2025-04-15 16:00
96399,141415,141424,27167,27167,PR_FF,0,,2024-07-24 08:00,2025-04-15 16:00
96400,141486,141499,27168,27168,PR_FF,0,,2025-02-26 08:00,2025-03-11 16:00
96401,141486,141500,27168,27168,PR_FF,0,,2024-07-31 08:00,2025-03-11 16:00
96402,141486,141501,27168,27168,PR_FF,0,,2024-07-31 08:00,2025-03-11 16:00
96403,141492,141499,27168,27168,PR_FF,0,,2025-02-26 08:00,2025-04-22 16:00
96404,141492,141500,27168,27168,PR_FF,0,,2024-07-31 08:00,2025-04-22 16:00
96405,141492,141501,27168,27168,PR_FF,0,,2024-07-31 08:00,2025-04-22 16:00
